項目,表記,単位数,対象学科,対象学年
アントレプレナーシップ教育に関するコンテスト等への参加,アントレプレナーシップコンテスト,1,C,全学年
編集キャリラボ,編集キャリラボ,1,D,全学年
異文化講習I,異文化講習I,1,J,全学年
異文化講習II,異文化講習II,1,J,全学年
異文化講習III,異文化講習III,1,J,全学年
異文化講習IV,異文化講習IV,1,J,全学年
実践ドイツ語I,実践ドイツ語I,1,M,全学年
実践ドイツ語II,実践ドイツ語II,1,M,全学年
実践ドイツ語III,実践ドイツ語III,1,M,全学年
半導体デバイス工学,半導体デバイス工学,1,E,4年生以上
ロボコンI,ロボコンI,1,D,全学年
ロボコンII,ロボコンII,1,D,全学年
ロボコンIII,ロボコンIII,1,D,全学年
ロボコンIV,ロボコンIV,1,D,全学年
ロボコンV,ロボコンV,1,D,全学年
プロコンI,プロコンI,1,J,全学年
プロコンII,プロコンII,1,J,全学年
プロコンIII,プロコンIII,1,J,全学年
プロコンIV,プロコンIV,1,J,全学年
プロコンV,プロコンV,1,J,全学年
IVRCコンテストI,IVRCコンテストI,1,J,全学年
IVRCコンテストII,IVRCコンテストII,1,J,全学年
IVRCコンテストIII,IVRCコンテストIII,1,J,全学年
IVRC I,IVRC I,1,J,全学年
IVRC II,IVRC II,1,J,全学年
国際プロジェクト実習I,国際プロジェクト実習I,1,J,全学年
国際プロジェクト実習II,国際プロジェクト実習II,1,J,全学年
国際プロジェクト実習III,国際プロジェクト実習III,1,J,全学年
国際プロジェクト実習IV,国際プロジェクト実習IV,1,J,全学年
情報セキュリティ演習,情報セキュリティ演習,1,J,全学年
情報セキュリティ演習II,情報セキュリティ演習II,1,J,全学年
プロジェクトマネジメントI,プロジェクトマネジメントI,1,E,3年生以上
プロジェクトマネジメントII,プロジェクトマネジメントII,1,E,3年生以上
上級プロジェクトマネジメント,上級プロジェクトマネジメント,1,E,4年生以上
技術翻訳演習,技術翻訳演習,1,E,3年生以上
研究活動,研究活動,1,E,3年生以上
